Date,Item Number,Category,Brand,Item Name,Quantity Sold,Price per Item
2023-02-23,CN5466,Home Appliances,Bosch,Coffee Maker,5,14.44
2023-02-23,ZA030625,Clothing,Puma,Zebra Printer,4,12.5
2023-01-15,AM4869,Electronics,LG,Air Mattress,16,14.83
2023-01-23,PW98762,Toys,Hasbro,Portable Charger,11,16.88
2023-01-07,XM293697,Sports,Yonex,X-Ray Scanner,14,14.21
2023-02-06,HD6685,Toys,Lego,Hard Drive,15,11.95
2023-02-02,WI708553,Sports,Yonex,WiFi Router,4,18.94
2023-01-01,WDG123,Sports,Wilson,Digital Camera,5,18.22
2023-01-10,ZL369679,Toys,Lego,Zodiac Lamp,1,16.07
2023-01-13,OP0051,Home Appliances,Frigidaire,Oven,19,11.47
2023-01-10,SN6560,Electronics,LG,Sneakers,7,13.6
2023-01-24,PP61221,Sports,Spalding,Pressure Cooker,6,10.75
2023-01-10,AD70613,Toys,Bandai,Air Purifier,9,11.71
2023-03-01,VA0753,Clothing,Nike,Vacuum Cleaner,9,13.2
2023-02-01,GY43781,Sports,Yonex,Gym Equipment,2,21.52
2023-02-22,ZA030625,Toys,Lego,Zebra Printer,5,13.09
2023-02-14,FD960897,Electronics,LG,Food Processor,5,10.41
2023-02-08,TS64666,Home Appliances,Frigidaire,Gaming Console,18,19.57
2023-01-21,AS4238,Sports,Spalding,Air Conditioner,14,17.96
2023-02-28,MB1133,Home Appliances,GE,Mixer Blender,20,17.51
2023-02-15,TS64666,Sports,Spalding,Gaming Console,1,19.42
2023-01-25,WDG123,Toys,Lego,Digital Camera,9,10.71
2023-01-23,FA658929,Home Appliances,Frigidaire,Fitness Tracker,2,10.81
2023-01-04,YZ6468,Home Appliances,Bosch,Yoga Mat,2,17.63
2023-01-31,TS64666,Sports,Wilson,Gaming Console,17,19.1
2023-02-27,IG013820,Toys,Bandai,Instant Pot,6,19.46
2023-02-20,DT98104,Clothing,Adidas,Digital Thermometer,9,19.8
2023-01-28,OP0051,Clothing,Under Armour,Oven,5,21.5
2023-02-16,WDG123,Home Appliances,Bosch,Digital Camera,19,11.99
2023-03-01,DT98104,Clothing,Under Armour,Digital Thermometer,15,17.52
2023-01-21,QK053083,Electronics,Apple,Cookware Set,7,10.81
2023-02-10,AM4869,Clothing,Adidas,Air Mattress,12,12.37
2023-02-07,TS64666,Electronics,Apple,Gaming Console,3,22.39
2023-02-20,UK742516,Sports,Reebok,Umbrella,8,10.25
2023-01-10,SY28897,Toys,Lego,Synthesizer,4,10.08
2023-02-21,AM4869,Sports,Reebok,Air Mattress,15,15.89
2023-01-29,KF1996,Clothing,Under Armour,Knife Set,7,13.66
2023-01-13,YZ6468,Toys,Mattel,Yoga Mat,16,13.15
2023-02-17,ZN04653,Clothing,Nike,Zinc Supplement,4,17.33
2023-01-07,JC4121,Sports,Reebok,Jacket,5,22.3
2023-02-12,YE98767,Toys,Bandai,Smartwatch,8,20.26
2023-02-06,GY43781,Clothing,Nike,Gym Equipment,2,11.08
2023-01-19,TK36939,Toys,Lego,Tool Kit,10,17.72
2023-01-19,WDG123,Clothing,Adidas,Digital Camera,9,15.32
2023-01-22,XG5008,Electronics,Samsung,Gaming Mouse,15,21.7
2023-01-30,XK802732,Clothing,Adidas,Keyboard,9,12.75
2023-02-27,UK742516,Toys,Mattel,Umbrella,10,22.54
2023-01-18,YE98767,Sports,Reebok,Smartwatch,12,21.09
2023-02-02,XW916421,Toys,Bandai,Xylophone,10,18.73
2023-01-15,BH67655,Clothing,Nike,Headphones,20,18.08
2023-01-26,SE27056,Sports,Spalding,Sewing Machine,6,15.99
2023-02-04,AM4869,Toys,Bandai,Air Mattress,19,12.07
2023-02-08,AS4238,Toys,Bandai,Air Conditioner,9,17.65
2023-02-01,TK36939,Home Appliances,Frigidaire,Tool Kit,9,15.32
2023-02-24,WI708553,Electronics,Samsung,WiFi Router,8,11.67
2023-02-10,XO752107,Clothing,Under Armour,Xbox Console,19,20.55
2023-01-25,TS3456,Toys,Lego,Television,13,16.59
2023-01-03,UG38188,Toys,Hasbro,USB Hub,11,20.96
2023-02-14,HL40405,Home Appliances,Whirlpool,Home Theater System,15,13.48
2023-03-02,OG39311,Home Appliances,Bosch,Office Chair,19,18.86
2023-02-28,MB1133,Clothing,Puma,Mixer Blender,15,19.82
2023-02-14,GY43781,Clothing,Puma,Gym Equipment,3,17.84
2023-03-02,UG38188,Electronics,Apple,USB Hub,2,18.65
2023-02-23,JP4789,Home Appliances,Frigidaire,Juicer,3,20.7
2023-02-04,KF1996,Clothing,Nike,Knife Set,1,20.25
2023-01-27,AS4238,Home Appliances,Whirlpool,Air Conditioner,12,14.85
2023-01-14,ZA030625,Electronics,Samsung,Zebra Printer,14,20.27
2023-02-10,VA0753,Home Appliances,Bosch,Vacuum Cleaner,5,16.16
2023-02-07,TH231483,Clothing,Puma,Thermostat,8,20.35
2023-02-08,TS64666,Clothing,Nike,Gaming Console,4,20.98
2023-02-25,HD15575,Electronics,LG,Hair Dryer,15,16.49
2023-02-01,JC4121,Toys,Hasbro,Jacket,11,20.05
2023-01-11,TK36939,Sports,Yonex,Tool Kit,1,14.16
2023-02-23,MB1133,Clothing,Nike,Mixer Blender,1,10.13
2023-02-26,MI06009,Toys,Lego,Microwave,3,18.43
2023-02-20,WW707165,Sports,Yonex,Water Purifier,18,12.95
2023-02-06,OG39311,Home Appliances,Whirlpool,Office Chair,15,17.19
2023-01-14,TK36939,Electronics,Apple,Tool Kit,7,17.17
2023-01-19,IG013820,Electronics,Samsung,Instant Pot,10,22.96
2023-01-26,WO04322,Toys,Hasbro,Washer,4,18.82
2023-01-25,XG5008,Sports,Spalding,Gaming Mouse,17,18.01
2023-01-11,TS3456,Clothing,Under Armour,Television,1,18.31
2023-01-24,MC869986,Home Appliances,GE,Monitor,4,15.74
2023-01-25,TK36939,Electronics,LG,Tool Kit,19,12.82
2023-02-05,WDG123,Toys,Hasbro,Digital Camera,17,22.63
2023-01-19,BM87684,Electronics,Sony,Backpack,3,12.34
2023-01-25,JP4789,Home Appliances,GE,Juicer,16,14.69
2023-01-23,SN6560,Home Appliances,GE,Sneakers,6,11.47
2023-02-28,PP61221,Electronics,Sony,Pressure Cooker,16,16.75
2023-01-01,IG013820,Sports,Reebok,Instant Pot,12,15.41
2023-02-23,JC4121,Home Appliances,Frigidaire,Jacket,14,13.6
2023-01-21,SN6560,Clothing,Under Armour,Sneakers,7,12.19
2023-01-02,HD6685,Electronics,LG,Hard Drive,12,17.48
2023-01-02,RK015340,Electronics,LG,Refrigerator,17,12.29
2023-01-24,RK015340,Electronics,Apple,Refrigerator,12,17.69
2023-01-27,CN5466,Clothing,Under Armour,Coffee Maker,12,20.79
2023-01-16,BM87684,Home Appliances,Whirlpool,Backpack,8,10.29
2023-02-02,XW916421,Home Appliances,Whirlpool,Xylophone,8,17.71
2023-02-15,WW707165,Home Appliances,Frigidaire,Water Purifier,13,20.15
2023-01-31,WI708553,Toys,Hasbro,WiFi Router,17,19.78
2023-03-02,NO86090,Clothing,Adidas,Notebook,17,18.86
2023-01-11,TS3456,Clothing,Nike,Television,17,22.16
2023-02-06,MC869986,Sports,Yonex,Monitor,1,13.17
2023-01-22,MB1133,Electronics,Apple,Mixer Blender,11,16.13
2023-01-22,UK742516,Home Appliances,Frigidaire,Umbrella,15,21.49
2023-01-01,ZN04653,Clothing,Adidas,Zinc Supplement,19,13.88
2023-02-28,BB974601,Home Appliances,GE,Baby Monitor,14,11.82
2023-02-17,GY43781,Clothing,Under Armour,Gym Equipment,4,10.46
2023-02-12,VA0753,Clothing,Adidas,Vacuum Cleaner,9,19.95
2023-03-02,MI06009,Toys,Bandai,Microwave,2,19.39
2023-02-07,ZL369679,Toys,Mattel,Zodiac Lamp,16,10.74
2023-02-27,MI06009,Electronics,Sony,Microwave,14,22.89
2023-02-20,BH67655,Sports,Wilson,Headphones,11,21.96
2023-02-07,UK742516,Electronics,LG,Umbrella,13,13.65
2023-01-21,MB1133,Clothing,Under Armour,Mixer Blender,7,13.26
2023-01-23,SE27056,Sports,Spalding,Sewing Machine,11,19.3
2023-02-24,XW916421,Toys,Mattel,Xylophone,3,12.92
2023-02-20,TS3456,Electronics,Sony,Television,16,16.71
2023-02-03,HL40405,Sports,Spalding,Home Theater System,4,20.34
2023-01-10,XO752107,Toys,Bandai,Xbox Console,1,11.79
2023-01-03,WT98768,Sports,Spalding,Wireless Mouse,15,22.92
2023-01-09,VA0753,Sports,Wilson,Vacuum Cleaner,18,13.18
2023-02-11,PP61221,Sports,Spalding,Pressure Cooker,19,19.86
2023-02-03,BH67655,Electronics,Sony,Headphones,16,12.5
2023-01-10,ZN04653,Home Appliances,GE,Zinc Supplement,1,11.3
2023-02-02,RV7673,Sports,Spalding,Ravioli Maker,12,22.81
2023-01-26,PP61221,Sports,Wilson,Pressure Cooker,6,17.24
2023-03-02,OP0051,Clothing,Puma,Oven,13,21.16
2023-02-19,SP7875,Home Appliances,Frigidaire,Laptop,7,10.43
2023-01-15,SN6560,Toys,Lego,Sneakers,16,14.44
2023-02-24,NO86090,Toys,Hasbro,Notebook,19,15.37
2023-01-08,IG013820,Toys,Mattel,Instant Pot,6,22.64
2023-02-06,WI708553,Toys,Lego,WiFi Router,10,18.84
2023-02-19,MB1133,Clothing,Puma,Mixer Blender,19,16.74
2023-01-02,BB974601,Clothing,Adidas,Baby Monitor,20,16.21
2023-02-13,QK053083,Home Appliances,Bosch,Cookware Set,3,18.22
2023-02-02,OP0051,Electronics,Samsung,Oven,17,18.69
2023-01-03,BM87684,Toys,Lego,Backpack,11,16.59
2023-01-22,HD6685,Toys,Lego,Hard Drive,12,10.46
2023-01-07,RK015340,Toys,Bandai,Refrigerator,18,22.2
2023-01-19,YE98767,Toys,Lego,Smartwatch,3,11.26
2023-02-08,KF1996,Clothing,Adidas,Knife Set,18,18.1
2023-01-12,MB1133,Clothing,Nike,Mixer Blender,1,11.37
2023-02-13,RV7673,Home Appliances,Bosch,Ravioli Maker,9,15.33
2023-01-31,UK742516,Clothing,Nike,Umbrella,18,22.03
2023-02-13,TK36939,Home Appliances,Bosch,Tool Kit,15,15.37
2023-02-21,DT98104,Sports,Wilson,Digital Thermometer,9,18.07
2023-01-16,XO752107,Electronics,LG,Xbox Console,14,13.28
2023-01-19,RK015340,Home Appliances,Frigidaire,Refrigerator,12,19.22
2023-02-26,ZL369679,Electronics,Apple,Zodiac Lamp,13,16.14
2023-01-02,DC99031,Electronics,Apple,Desktop Computer,18,10.16
2023-01-06,XW6565,Clothing,Under Armour,External Storage,13,22.28
2023-01-31,KF1996,Electronics,Apple,Knife Set,17,15.46
2023-01-01,WO04322,Clothing,Nike,Washer,11,16.25
2023-02-14,MI06009,Electronics,Apple,Microwave,19,17.29
2023-01-14,DC99031,Toys,Bandai,Desktop Computer,7,21.14
2023-02-19,SP7875,Clothing,Under Armour,Laptop,12,21.03
2023-01-16,HD6685,Clothing,Nike,Hard Drive,7,16.05
2023-02-09,JP4789,Home Appliances,Frigidaire,Juicer,19,12.02
2023-01-31,YZ6468,Electronics,Sony,Yoga Mat,5,22.27
2023-01-16,WO04322,Home Appliances,Bosch,Washer,20,19.63
2023-01-01,UG38188,Toys,Hasbro,USB Hub,6,16.25
2023-02-16,WW707165,Sports,Reebok,Water Purifier,4,15.47
2023-02-02,OG39311,Clothing,Nike,Office Chair,13,19.91
2023-01-25,XW6565,Electronics,Samsung,External Storage,19,19.73
2023-01-16,TR87680,Home Appliances,GE,Tablet,16,18.21
2023-01-29,FD960897,Toys,Hasbro,Food Processor,5,18.34
2023-02-17,FD960897,Sports,Yonex,Food Processor,15,13.77
2023-02-24,AD70613,Toys,Mattel,Air Purifier,16,19.84
2023-02-25,ZA030625,Toys,Bandai,Zebra Printer,1,19.85
2023-01-11,NO86090,Sports,Reebok,Notebook,13,21.76
2023-01-26,XO752107,Sports,Spalding,Xbox Console,1,21.89
2023-02-04,HD6685,Electronics,Sony,Hard Drive,2,20.23
2023-02-16,PP61221,Home Appliances,GE,Pressure Cooker,6,10.55
2023-01-23,DC99031,Clothing,Adidas,Desktop Computer,6,14.27
2023-02-03,RO1618,Electronics,Apple,Router,15,15.07
2023-01-04,BM87684,Toys,Hasbro,Backpack,6,17.43
2023-01-06,XW916421,Home Appliances,Frigidaire,Xylophone,18,16.73
2023-01-08,HL40405,Toys,Bandai,Home Theater System,20,18.63
2023-01-14,JP4789,Electronics,Sony,Juicer,13,22.78
2023-02-01,YE98767,Sports,Wilson,Smartwatch,2,18.77
2023-03-01,JC4121,Home Appliances,GE,Jacket,11,22.83
2023-02-18,WI708553,Toys,Bandai,WiFi Router,16,17.76
2023-01-29,JC4121,Sports,Spalding,Jacket,1,20.26
2023-01-12,HD15575,Electronics,Sony,Hair Dryer,16,11.88
2023-02-09,TR87680,Sports,Wilson,Tablet,5,12.13
2023-01-15,BM87684,Clothing,Puma,Backpack,15,11.58
2023-01-08,WI708553,Sports,Yonex,WiFi Router,16,21.41
2023-01-17,TH231483,Electronics,LG,Thermostat,4,20.51
2023-02-20,IG013820,Toys,Mattel,Instant Pot,4,17.79
2023-01-21,HD15575,Clothing,Under Armour,Hair Dryer,20,12.35
2023-01-11,UK742516,Clothing,Adidas,Umbrella,15,14.23
2023-01-14,TS3456,Toys,Hasbro,Television,2,11.04
2023-02-27,CN5466,Clothing,Nike,Coffee Maker,6,16.17
2023-01-03,WDG123,Clothing,Adidas,Digital Camera,8,10.08
2023-01-07,HD6685,Toys,Bandai,Hard Drive,18,21.58
2023-01-10,MK676554,Electronics,LG,Smartphone,7,17.71
2023-02-18,QK053083,Clothing,Adidas,Cookware Set,18,12.21
2023-01-02,XG5008,Electronics,LG,Gaming Mouse,19,21.16
2023-01-16,YE98767,Electronics,Sony,Smartwatch,6,12.58
2023-02-10,HL40405,Home Appliances,Bosch,Home Theater System,12,16.73
2023-02-16,WW707165,Electronics,Apple,Water Purifier,18,16.44
2023-01-08,SN6560,Electronics,Samsung,Sneakers,9,13.27
2023-02-24,RV7673,Toys,Mattel,Ravioli Maker,3,18.45
2023-01-30,YZ6468,Clothing,Under Armour,Yoga Mat,16,15.03
2023-01-22,PP61221,Clothing,Nike,Pressure Cooker,20,15.38
2023-01-05,TR87680,Sports,Yonex,Tablet,8,21.55
2023-01-28,JP4789,Toys,Hasbro,Juicer,8,16.55
2023-02-20,TR87680,Electronics,Samsung,Tablet,8,21.15
2023-01-04,MK676554,Home Appliances,Whirlpool,Smartphone,17,16.3
2023-02-08,SN6560,Sports,Reebok,Sneakers,2,14.96
2023-01-07,FA658929,Clothing,Puma,Fitness Tracker,19,19.72
2023-02-27,MI06009,Sports,Reebok,Microwave,9,17.0
2023-01-06,TR87680,Electronics,Apple,Tablet,8,18.47
2023-01-20,TS64666,Toys,Lego,Gaming Console,4,22.59
2023-02-16,MB1133,Home Appliances,Bosch,Mixer Blender,12,11.54
2023-01-05,WT98768,Home Appliances,Frigidaire,Wireless Mouse,17,21.8
2023-02-20,PW98762,Clothing,Under Armour,Portable Charger,3,20.45
2023-02-19,NO86090,Sports,Reebok,Notebook,8,20.03
2023-01-23,ZN04653,Toys,Mattel,Zinc Supplement,4,10.52
2023-02-08,HD15575,Toys,Mattel,Hair Dryer,9,20.93
2023-01-12,ZA030625,Electronics,Apple,Zebra Printer,6,22.84
2023-01-25,XG5008,Electronics,LG,Gaming Mouse,6,14.95
2023-01-27,RV7673,Sports,Wilson,Ravioli Maker,20,22.87
2023-02-26,HL40405,Home Appliances,Whirlpool,Home Theater System,1,22.79
2023-02-23,FD960897,Sports,Yonex,Food Processor,15,15.62
2023-01-04,QK053083,Toys,Bandai,Cookware Set,9,17.22
2023-02-01,BM87684,Home Appliances,Bosch,Backpack,20,18.19
2023-02-13,YZ6468,Sports,Yonex,Yoga Mat,5,15.83
2023-01-23,MI06009,Home Appliances,Bosch,Microwave,19,19.85
2023-01-16,JP4789,Clothing,Puma,Juicer,10,15.31
2023-01-24,TR87680,Toys,Hasbro,Tablet,8,20.17
2023-01-16,AD70613,Toys,Mattel,Air Purifier,19,21.27
2023-02-12,JC4121,Electronics,Samsung,Jacket,18,17.55
2023-01-16,CN5466,Clothing,Under Armour,Coffee Maker,16,18.74
2023-01-13,AD70613,Electronics,Samsung,Air Purifier,16,16.26
2023-01-28,XO752107,Home Appliances,Whirlpool,Xbox Console,19,16.24
2023-02-11,BH67655,Electronics,Samsung,Headphones,12,17.78
2023-01-11,AM4869,Clothing,Puma,Air Mattress,4,19.43
2023-01-01,YZ6468,Sports,Spalding,Yoga Mat,1,14.04
2023-02-04,HD15575,Toys,Lego,Hair Dryer,3,16.31
2023-02-05,WO04322,Sports,Yonex,Washer,8,16.69
2023-01-11,RK015340,Toys,Lego,Refrigerator,3,21.57
2023-02-22,MI06009,Sports,Yonex,Microwave,19,22.42
2023-03-02,SN6560,Sports,Spalding,Sneakers,15,10.62
2023-01-14,WW707165,Toys,Mattel,Water Purifier,7,14.61
2023-01-10,NO86090,Sports,Reebok,Notebook,1,22.58
2023-02-25,OG39311,Home Appliances,GE,Office Chair,8,15.16
2023-02-06,XM293697,Clothing,Under Armour,X-Ray Scanner,1,21.44
2023-02-15,VA0753,Electronics,Samsung,Vacuum Cleaner,6,21.34
2023-01-11,WI708553,Home Appliances,Frigidaire,WiFi Router,16,20.97
2023-02-10,NO86090,Electronics,LG,Notebook,11,16.06
2023-02-14,RO1618,Toys,Bandai,Router,14,14.86
2023-02-20,WW707165,Clothing,Adidas,Water Purifier,20,17.2
2023-01-17,YZ6468,Electronics,Samsung,Yoga Mat,8,22.34
2023-03-02,HD6685,Home Appliances,Frigidaire,Hard Drive,5,12.18
2023-02-19,HD6685,Clothing,Nike,Hard Drive,2,21.11
2023-01-28,DT98104,Clothing,Nike,Digital Thermometer,5,14.54
2023-01-10,RK015340,Toys,Mattel,Refrigerator,3,19.38
2023-02-11,GY43781,Clothing,Under Armour,Gym Equipment,1,21.9
2023-02-03,XK802732,Electronics,Apple,Keyboard,5,14.54
2023-01-02,PW98762,Toys,Mattel,Portable Charger,7,22.13
2023-02-11,WW707165,Electronics,Samsung,Water Purifier,13,19.55
2023-02-07,YE98767,Clothing,Puma,Smartwatch,17,14.92
2023-01-02,TS3456,Electronics,Samsung,Television,11,12.92
2023-02-23,WDG123,Clothing,Nike,Digital Camera,11,15.77
2023-01-09,AD70613,Home Appliances,GE,Air Purifier,15,20.01
2023-01-06,JC4121,Clothing,Puma,Jacket,1,17.58
2023-02-06,ZA030625,Electronics,Apple,Zebra Printer,18,13.45
2023-02-05,PW98762,Sports,Yonex,Portable Charger,17,10.32
2023-01-02,XW6565,Clothing,Adidas,External Storage,1,18.3
2023-01-07,YZ6468,Toys,Lego,Yoga Mat,4,21.78
2023-02-14,RO1618,Clothing,Under Armour,Router,1,21.71
2023-01-22,ZA030625,Clothing,Adidas,Zebra Printer,19,13.77
2023-02-27,HD15575,Clothing,Adidas,Hair Dryer,9,20.47
2023-02-28,TS3456,Electronics,LG,Television,13,14.68
2023-01-24,TR87680,Electronics,Apple,Tablet,19,13.96
2023-02-09,RK015340,Clothing,Adidas,Refrigerator,4,21.3
2023-01-28,PW98762,Toys,Lego,Portable Charger,7,14.65
2023-01-15,XK802732,Toys,Mattel,Keyboard,18,10.11
2023-01-19,WI708553,Toys,Hasbro,WiFi Router,20,15.89
2023-02-25,AS4238,Sports,Yonex,Air Conditioner,7,11.85
2023-01-07,PP61221,Toys,Lego,Pressure Cooker,3,10.8
2023-01-25,ZA030625,Clothing,Adidas,Zebra Printer,15,18.36
2023-02-11,XK802732,Home Appliances,Bosch,Keyboard,15,20.97
2023-02-17,VA0753,Clothing,Puma,Vacuum Cleaner,1,19.99
2023-01-28,YE98767,Clothing,Puma,Smartwatch,11,18.7
2023-02-24,QK053083,Toys,Bandai,Cookware Set,14,14.92
2023-01-04,YE98767,Toys,Hasbro,Smartwatch,13,11.15
2023-01-17,JC4121,Toys,Bandai,Jacket,2,11.18
2023-01-06,WO04322,Home Appliances,GE,Washer,9,22.96
2023-01-10,AD70613,Toys,Lego,Air Purifier,17,12.59
2023-02-04,HD6685,Clothing,Puma,Hard Drive,17,17.83
2023-01-02,SN6560,Electronics,Apple,Sneakers,3,16.98
2023-01-13,WW707165,Electronics,LG,Water Purifier,5,18.39
2023-01-23,WI708553,Home Appliances,Bosch,WiFi Router,5,10.82
2023-02-26,ZN04653,Toys,Mattel,Zinc Supplement,16,17.31
2023-01-18,XG5008,Home Appliances,Frigidaire,Gaming Mouse,17,14.72
2023-01-13,PP61221,Sports,Reebok,Pressure Cooker,14,19.11
2023-01-15,DC99031,Home Appliances,Frigidaire,Desktop Computer,14,13.21
2023-01-11,FD960897,Home Appliances,GE,Food Processor,9,12.77
2023-01-15,SE27056,Home Appliances,Bosch,Sewing Machine,10,18.12
2023-01-16,MC869986,Toys,Mattel,Monitor,5,16.89
2023-01-01,WO04322,Home Appliances,Bosch,Washer,7,11.76
2023-01-08,MC869986,Clothing,Puma,Monitor,15,10.87
2023-01-18,RO1618,Home Appliances,Frigidaire,Router,15,12.19
2023-01-02,BB974601,Toys,Lego,Baby Monitor,19,21.82
2023-01-24,SP7875,Toys,Hasbro,Laptop,6,19.61
2023-01-23,TK36939,Electronics,Apple,Tool Kit,9,21.52
2023-01-30,QK053083,Clothing,Nike,Cookware Set,17,10.8
2023-02-28,WI708553,Toys,Bandai,WiFi Router,15,14.82
2023-01-28,WO04322,Sports,Reebok,Washer,11,12.46
2023-03-02,QK053083,Sports,Reebok,Cookware Set,14,15.02
2023-01-23,ZA030625,Clothing,Nike,Zebra Printer,20,10.11
2023-01-29,VA0753,Clothing,Under Armour,Vacuum Cleaner,16,20.67
2023-01-12,ZA030625,Electronics,LG,Zebra Printer,4,18.2
2023-02-14,WI708553,Home Appliances,GE,WiFi Router,20,11.53
2023-01-29,BB974601,Home Appliances,GE,Baby Monitor,8,22.47
2023-02-14,UK742516,Toys,Mattel,Umbrella,16,17.79
2023-01-15,JP4789,Toys,Bandai,Juicer,9,16.96
2023-01-08,AS4238,Toys,Mattel,Air Conditioner,13,15.97
2023-02-19,MI06009,Clothing,Puma,Microwave,7,14.79
2023-02-18,WT98768,Clothing,Under Armour,Wireless Mouse,12,21.69
2023-01-09,PP61221,Home Appliances,Bosch,Pressure Cooker,18,15.3
2023-01-02,AD70613,Sports,Reebok,Air Purifier,17,22.3
2023-02-12,XW916421,Electronics,Apple,Xylophone,11,14.52
2023-02-23,MC869986,Clothing,Nike,Monitor,15,14.47
2023-03-02,PW98762,Electronics,Samsung,Portable Charger,6,12.72
2023-01-04,ZA030625,Sports,Spalding,Zebra Printer,16,15.16
2023-01-10,RV7673,Toys,Mattel,Ravioli Maker,16,12.92
2023-01-06,XW6565,Sports,Reebok,External Storage,14,19.86
2023-02-23,XO752107,Sports,Yonex,Xbox Console,9,14.38
2023-02-03,NO86090,Toys,Hasbro,Notebook,6,20.86
2023-01-07,ZA030625,Clothing,Adidas,Zebra Printer,4,11.14
2023-02-24,MB1133,Electronics,Apple,Mixer Blender,15,16.27
2023-02-10,TS64666,Sports,Yonex,Gaming Console,6,21.1
2023-02-20,MK676554,Toys,Mattel,Smartphone,17,10.49
2023-02-22,DT98104,Clothing,Under Armour,Digital Thermometer,17,18.1
2023-01-26,RV7673,Electronics,Samsung,Ravioli Maker,14,16.81
2023-01-30,AD70613,Home Appliances,GE,Air Purifier,18,18.86
2023-02-16,YZ6468,Toys,Bandai,Yoga Mat,1,12.53
2023-01-22,VA0753,Toys,Hasbro,Vacuum Cleaner,1,12.09
2023-02-03,UG38188,Electronics,Samsung,USB Hub,3,19.1
2023-02-12,QK053083,Toys,Mattel,Cookware Set,10,18.34
2023-01-22,PP61221,Home Appliances,GE,Pressure Cooker,18,21.47
2023-01-18,PW98762,Electronics,LG,Portable Charger,19,21.65
2023-01-30,TR87680,Home Appliances,Frigidaire,Tablet,2,11.81
2023-01-26,SN6560,Toys,Hasbro,Sneakers,6,15.94
2023-01-24,BB974601,Sports,Wilson,Baby Monitor,2,20.26
2023-01-01,TH231483,Electronics,Apple,Thermostat,7,11.36
2023-01-26,DT98104,Clothing,Under Armour,Digital Thermometer,19,12.79
2023-01-18,XK802732,Clothing,Puma,Keyboard,19,19.95
2023-01-02,ZA030625,Sports,Reebok,Zebra Printer,18,12.2
2023-02-20,RV7673,Home Appliances,Whirlpool,Ravioli Maker,3,16.25
2023-02-28,HL40405,Electronics,Sony,Home Theater System,18,14.58
2023-02-12,HL40405,Clothing,Under Armour,Home Theater System,16,20.13
2023-02-26,UG38188,Electronics,Samsung,USB Hub,19,22.96
2023-01-06,RV7673,Toys,Bandai,Ravioli Maker,15,15.96
2023-01-20,MC869986,Electronics,Sony,Monitor,9,11.33
2023-01-17,WT98768,Electronics,Apple,Wireless Mouse,6,10.38
2023-01-19,XR23423,Sports,Yonex,Bluetooth Speaker,9,21.95
2023-02-10,XW6565,Toys,Mattel,External Storage,20,10.87
2023-01-27,SE27056,Clothing,Under Armour,Sewing Machine,18,20.78
2023-02-09,XG5008,Sports,Spalding,Gaming Mouse,1,16.83
2023-02-01,RV7673,Electronics,Sony,Ravioli Maker,11,11.48
2023-02-02,XG5008,Clothing,Under Armour,Gaming Mouse,2,15.62
2023-02-24,WI708553,Home Appliances,Bosch,WiFi Router,14,20.15
2023-01-25,WO04322,Electronics,LG,Washer,20,12.41
2023-02-14,IG013820,Home Appliances,GE,Instant Pot,13,17.4
2023-01-05,JP4789,Clothing,Adidas,Juicer,12,20.07
2023-02-26,BM87684,Toys,Hasbro,Backpack,15,13.4
2023-01-16,JP4789,Electronics,LG,Juicer,2,22.83
2023-02-21,SP7875,Home Appliances,Whirlpool,Laptop,13,13.09
2023-01-28,AS4238,Home Appliances,Bosch,Air Conditioner,7,22.08
2023-02-15,ZL369679,Clothing,Under Armour,Zodiac Lamp,4,11.62
2023-01-16,SE27056,Clothing,Nike,Sewing Machine,17,20.73
2023-01-09,WI708553,Toys,Lego,WiFi Router,12,19.15
2023-01-06,RK015340,Home Appliances,GE,Refrigerator,5,12.91
2023-02-26,TR87680,Clothing,Nike,Tablet,2,13.67
2023-01-08,TS64666,Toys,Hasbro,Gaming Console,1,18.49
2023-02-17,RO1618,Toys,Mattel,Router,18,18.69
2023-02-24,IG013820,Electronics,Sony,Instant Pot,17,18.0
2023-02-07,XM293697,Clothing,Puma,X-Ray Scanner,16,18.23
2023-01-06,WO04322,Clothing,Under Armour,Washer,3,19.94
2023-01-26,FD960897,Toys,Mattel,Food Processor,15,18.92
2023-02-10,XR23423,Toys,Hasbro,Bluetooth Speaker,11,13.81
2023-02-24,PW98762,Toys,Mattel,Portable Charger,5,21.87
2023-02-06,HD6685,Electronics,Samsung,Hard Drive,20,19.0
2023-01-24,DT98104,Home Appliances,GE,Digital Thermometer,8,22.6
2023-01-27,BB974601,Electronics,LG,Baby Monitor,13,20.78
2023-02-16,OG39311,Home Appliances,Whirlpool,Office Chair,2,13.52
2023-01-10,VA0753,Clothing,Adidas,Vacuum Cleaner,16,16.68
2023-03-02,OP0051,Home Appliances,Frigidaire,Oven,18,17.14
2023-01-04,MB1133,Clothing,Adidas,Mixer Blender,6,14.09
2023-02-09,HD6685,Clothing,Nike,Hard Drive,13,20.2
2023-02-23,BB974601,Electronics,LG,Baby Monitor,11,21.05
2023-02-24,HD15575,Clothing,Under Armour,Hair Dryer,3,10.49
2023-02-24,VA0753,Sports,Reebok,Vacuum Cleaner,4,15.38
2023-02-27,WI708553,Toys,Hasbro,WiFi Router,9,19.22
2023-01-16,SP7875,Home Appliances,Bosch,Laptop,8,12.51
2023-02-24,UK742516,Clothing,Puma,Umbrella,20,20.11
2023-01-23,YZ6468,Toys,Bandai,Yoga Mat,2,15.36
2023-02-02,XK802732,Toys,Mattel,Keyboard,13,21.6
2023-01-14,AM4869,Home Appliances,Bosch,Air Mattress,13,16.49
2023-01-14,FD960897,Toys,Hasbro,Food Processor,14,12.99
2023-01-24,TR87680,Clothing,Adidas,Tablet,3,10.79
2023-01-30,BM87684,Clothing,Nike,Backpack,3,13.51
2023-01-06,FA658929,Electronics,LG,Fitness Tracker,2,10.03
2023-02-12,HD15575,Home Appliances,GE,Hair Dryer,7,17.37
2023-02-03,WT98768,Clothing,Puma,Wireless Mouse,16,12.35
2023-01-13,MK676554,Clothing,Nike,Smartphone,10,13.85
2023-01-07,FA658929,Toys,Mattel,Fitness Tracker,5,22.26
2023-02-13,DC99031,Clothing,Adidas,Desktop Computer,19,13.93
2023-03-01,WI708553,Sports,Yonex,WiFi Router,8,22.77
2023-02-15,FD960897,Home Appliances,Whirlpool,Food Processor,11,14.99
2023-01-22,WW707165,Clothing,Under Armour,Water Purifier,3,21.3
2023-01-05,JP4789,Electronics,Apple,Juicer,20,15.72
2023-02-24,XR23423,Home Appliances,Bosch,Bluetooth Speaker,20,19.66
2023-01-16,PP61221,Sports,Yonex,Pressure Cooker,5,21.79
2023-01-08,YE98767,Home Appliances,Whirlpool,Smartwatch,20,10.73
2023-02-18,IG013820,Toys,Bandai,Instant Pot,9,21.79
2023-02-07,OG39311,Electronics,Apple,Office Chair,7,22.82
2023-01-15,BH67655,Sports,Yonex,Headphones,8,18.69
2023-02-22,HD6685,Electronics,Samsung,Hard Drive,19,10.07
2023-03-02,XW6565,Home Appliances,Whirlpool,External Storage,9,15.01
2023-02-21,XW916421,Toys,Bandai,Xylophone,7,19.11
2023-01-07,CN5466,Toys,Mattel,Coffee Maker,7,11.05
2023-01-06,TR87680,Home Appliances,GE,Tablet,17,21.56
2023-02-24,VA0753,Electronics,LG,Vacuum Cleaner,10,19.71
2023-01-27,TH231483,Sports,Wilson,Thermostat,11,14.84
2023-01-30,QK053083,Clothing,Puma,Cookware Set,7,19.16
2023-02-04,BM87684,Home Appliances,Bosch,Backpack,10,18.08
2023-02-12,UG38188,Electronics,Apple,USB Hub,15,17.0
2023-01-13,FA658929,Toys,Hasbro,Fitness Tracker,4,17.92
2023-01-01,TS64666,Electronics,Sony,Gaming Console,10,13.07
2023-01-12,UG38188,Sports,Yonex,USB Hub,17,17.49
2023-01-08,CN5466,Sports,Wilson,Coffee Maker,14,15.26
2023-02-21,SE27056,Clothing,Under Armour,Sewing Machine,4,21.94
2023-01-15,PP61221,Electronics,Apple,Pressure Cooker,20,19.2
2023-02-20,YE98767,Clothing,Under Armour,Smartwatch,9,22.0
2023-02-04,WDG123,Home Appliances,Whirlpool,Digital Camera,7,20.34
2023-01-26,QK053083,Clothing,Nike,Cookware Set,6,20.63
2023-02-26,WW707165,Clothing,Nike,Water Purifier,13,16.64
2023-02-07,WI708553,Sports,Yonex,WiFi Router,19,19.98
2023-03-02,NO86090,Toys,Hasbro,Notebook,7,14.91
2023-01-07,MK676554,Electronics,Samsung,Smartphone,16,20.61
2023-02-04,TH231483,Toys,Hasbro,Thermostat,15,16.5
2023-02-27,TH231483,Home Appliances,Frigidaire,Thermostat,16,12.83
2023-01-31,JC4121,Clothing,Adidas,Jacket,6,10.47
2023-02-08,TK36939,Clothing,Puma,Tool Kit,1,13.7
2023-03-02,HD6685,Electronics,Apple,Hard Drive,20,21.42
2023-01-03,TR87680,Sports,Wilson,Tablet,17,15.63
2023-01-16,BM87684,Electronics,Sony,Backpack,15,21.07
2023-02-06,SE27056,Clothing,Under Armour,Sewing Machine,15,10.01
2023-02-09,WO04322,Clothing,Under Armour,Washer,17,18.42
2023-02-06,XG5008,Sports,Reebok,Gaming Mouse,6,17.77
2023-02-17,TR87680,Home Appliances,Bosch,Tablet,3,15.16
2023-02-04,OG39311,Toys,Mattel,Office Chair,19,16.29
2023-02-10,ZL369679,Electronics,Apple,Zodiac Lamp,14,10.05
2023-01-27,XG5008,Toys,Lego,Gaming Mouse,2,10.46
2023-01-15,UK742516,Clothing,Puma,Umbrella,13,16.87
2023-02-27,TS3456,Sports,Spalding,Television,4,20.07
2023-01-27,XM293697,Electronics,Apple,X-Ray Scanner,11,15.09
2023-02-19,UG38188,Clothing,Adidas,USB Hub,2,22.52
2023-01-15,UK742516,Clothing,Puma,Umbrella,16,10.77
2023-02-09,TH231483,Clothing,Under Armour,Thermostat,14,17.06
2023-02-11,AD70613,Electronics,LG,Air Purifier,15,19.86
2023-02-11,XG5008,Toys,Hasbro,Gaming Mouse,18,20.11
2023-01-04,HD6685,Toys,Hasbro,Hard Drive,20,19.84
2023-02-20,XG5008,Home Appliances,GE,Gaming Mouse,13,11.27
2023-01-30,AS4238,Sports,Spalding,Air Conditioner,7,11.59
2023-01-07,UG38188,Clothing,Nike,USB Hub,3,16.49
2023-02-19,OP0051,Home Appliances,GE,Oven,13,15.6
2023-01-05,XK802732,Toys,Mattel,Keyboard,10,11.45
2023-01-08,GY43781,Toys,Hasbro,Gym Equipment,10,18.63
2023-01-06,PP61221,Home Appliances,Bosch,Pressure Cooker,9,21.16
2023-03-02,OG39311,Toys,Lego,Office Chair,16,19.8
2023-02-27,YZ6468,Clothing,Puma,Yoga Mat,12,14.47
2023-01-26,RO1618,Home Appliances,Frigidaire,Router,3,18.67
2023-01-05,PW98762,Toys,Bandai,Portable Charger,13,10.75
2023-01-21,OP0051,Home Appliances,Frigidaire,Oven,8,19.55
2023-01-21,PW98762,Sports,Yonex,Portable Charger,2,13.43
2023-01-02,XR23423,Electronics,LG,Bluetooth Speaker,2,16.57
2023-01-01,HL40405,Home Appliances,Whirlpool,Home Theater System,17,17.91
2023-02-21,UG38188,Sports,Yonex,USB Hub,11,22.1
2023-01-09,XK802732,Toys,Mattel,Keyboard,7,13.99
2023-01-10,MI06009,Clothing,Adidas,Microwave,15,16.52
2023-01-15,HD15575,Toys,Mattel,Hair Dryer,5,22.87
2023-02-07,XK802732,Sports,Wilson,Keyboard,2,14.51
2023-01-05,RO1618,Electronics,Samsung,Router,20,10.17
2023-01-13,UK742516,Toys,Mattel,Umbrella,6,21.59
2023-01-20,OG39311,Home Appliances,Frigidaire,Office Chair,13,12.76
2023-01-24,SE27056,Toys,Lego,Sewing Machine,1,18.37
2023-02-24,HL40405,Home Appliances,Bosch,Home Theater System,7,17.58
2023-02-07,XM293697,Toys,Bandai,X-Ray Scanner,8,20.62
2023-01-05,TS64666,Home Appliances,Bosch,Gaming Console,17,13.92
2023-01-18,NO86090,Toys,Hasbro,Notebook,1,15.27
2023-01-25,JP4789,Toys,Lego,Juicer,17,20.86
2023-02-10,TS64666,Sports,Spalding,Gaming Console,17,20.41
2023-01-20,PW98762,Toys,Hasbro,Portable Charger,18,22.24
2023-02-22,WDG123,Electronics,Sony,Digital Camera,11,15.58
2023-02-17,RV7673,Clothing,Puma,Ravioli Maker,10,11.58
2023-02-18,WT98768,Toys,Lego,Wireless Mouse,19,20.73
2023-02-15,WO04322,Electronics,Apple,Washer,10,21.62
2023-02-03,BB974601,Sports,Spalding,Baby Monitor,11,15.32
2023-02-25,XO752107,Electronics,LG,Xbox Console,1,18.73
2023-01-05,AS4238,Sports,Spalding,Air Conditioner,4,10.36
2023-02-12,RV7673,Clothing,Puma,Ravioli Maker,7,11.68
2023-02-25,OG39311,Electronics,Samsung,Office Chair,8,10.6
2023-02-09,HD15575,Sports,Wilson,Hair Dryer,3,19.62
2023-03-01,VA0753,Toys,Hasbro,Vacuum Cleaner,14,11.0
2023-02-19,ZL369679,Electronics,Sony,Zodiac Lamp,13,13.67
2023-01-18,XK802732,Home Appliances,GE,Keyboard,17,11.26
2023-02-28,RK015340,Clothing,Adidas,Refrigerator,6,21.0
2023-01-20,VA0753,Toys,Lego,Vacuum Cleaner,18,18.54
2023-02-21,TS64666,Electronics,Apple,Gaming Console,13,22.95
2023-01-15,TR87680,Home Appliances,Bosch,Tablet,14,13.91
2023-01-20,NO86090,Sports,Reebok,Notebook,3,11.02
2023-02-11,YZ6468,Sports,Wilson,Yoga Mat,12,10.35
2023-01-28,SP7875,Sports,Yonex,Laptop,14,21.48
2023-02-23,PP61221,Home Appliances,Whirlpool,Pressure Cooker,12,19.34
2023-02-20,SE27056,Toys,Mattel,Sewing Machine,20,21.66
2023-02-12,TS3456,Home Appliances,GE,Television,15,12.07
2023-02-09,TR87680,Home Appliances,Bosch,Tablet,8,12.68
2023-01-18,JP4789,Clothing,Puma,Juicer,18,11.65
2023-01-31,QK053083,Electronics,Samsung,Cookware Set,7,11.33
2023-01-30,FA658929,Home Appliances,GE,Fitness Tracker,1,20.01
2023-01-21,XM293697,Sports,Wilson,X-Ray Scanner,14,22.85
2023-02-22,PW98762,Electronics,Apple,Portable Charger,9,11.05
2023-02-11,RV7673,Electronics,Sony,Ravioli Maker,6,18.08
2023-02-21,RO1618,Electronics,Samsung,Router,3,22.28
2023-01-29,MK676554,Electronics,LG,Smartphone,5,17.24
2023-01-23,MC869986,Clothing,Puma,Monitor,1,18.91
2023-01-11,MB1133,Clothing,Adidas,Mixer Blender,16,16.11
2023-01-26,XW916421,Electronics,Samsung,Xylophone,5,18.84
2023-02-25,XK802732,Home Appliances,Bosch,Keyboard,7,18.94
2023-01-26,CN5466,Toys,Lego,Coffee Maker,13,16.15
2023-01-27,GY43781,Home Appliances,Frigidaire,Gym Equipment,10,21.8
2023-01-17,MI06009,Clothing,Nike,Microwave,16,10.35
2023-02-07,MI06009,Clothing,Nike,Microwave,7,20.85
2023-02-14,YE98767,Toys,Hasbro,Smartwatch,19,10.92
2023-02-01,PP61221,Clothing,Nike,Pressure Cooker,1,17.26
2023-01-04,SP7875,Home Appliances,Whirlpool,Laptop,1,17.69
2023-02-08,GY43781,Home Appliances,GE,Gym Equipment,12,11.03
2023-02-18,SY28897,Home Appliances,Frigidaire,Synthesizer,12,18.13
2023-02-23,JC4121,Sports,Wilson,Jacket,2,19.13
2023-01-14,OG39311,Electronics,Samsung,Office Chair,2,21.88
2023-02-19,QK053083,Toys,Hasbro,Cookware Set,15,22.3
2023-01-19,WI708553,Clothing,Puma,WiFi Router,9,13.77
2023-01-01,SY28897,Sports,Reebok,Synthesizer,19,21.49
2023-02-24,TH231483,Toys,Hasbro,Thermostat,19,20.79
2023-02-19,WW707165,Home Appliances,GE,Water Purifier,11,18.11
2023-02-08,ZN04653,Sports,Reebok,Zinc Supplement,2,21.69
2023-02-15,WW707165,Toys,Bandai,Water Purifier,4,15.18
2023-02-07,BM87684,Sports,Wilson,Backpack,11,16.62
2023-01-09,DC99031,Home Appliances,Bosch,Desktop Computer,4,15.72
2023-02-03,XW6565,Clothing,Puma,External Storage,11,13.34
2023-01-20,SP7875,Sports,Yonex,Laptop,5,20.61
2023-01-21,TK36939,Toys,Hasbro,Tool Kit,2,16.4
2023-01-09,MI06009,Electronics,Apple,Microwave,17,16.44
2023-01-02,IG013820,Home Appliances,GE,Instant Pot,1,20.3
2023-03-01,PW98762,Electronics,Samsung,Portable Charger,1,18.64
2023-01-08,BB974601,Home Appliances,Bosch,Baby Monitor,1,21.93
2023-02-14,MI06009,Electronics,Sony,Microwave,16,11.71
2023-02-21,OP0051,Sports,Spalding,Oven,14,16.79
2023-02-02,AD70613,Clothing,Under Armour,Air Purifier,3,22.46
2023-01-22,QK053083,Toys,Bandai,Cookware Set,6,21.48
2023-01-31,WW707165,Sports,Wilson,Water Purifier,14,18.19
2023-02-13,NO86090,Toys,Mattel,Notebook,13,17.84
2023-02-28,RV7673,Electronics,Apple,Ravioli Maker,11,21.45
2023-02-28,SP7875,Clothing,Adidas,Laptop,19,17.1
2023-02-28,YE98767,Home Appliances,GE,Smartwatch,12,15.71
2023-02-27,SN6560,Electronics,Apple,Sneakers,16,18.18
2023-02-14,VA0753,Sports,Reebok,Vacuum Cleaner,7,17.72
2023-01-04,QK053083,Toys,Hasbro,Cookware Set,19,21.58
2023-02-06,DC99031,Electronics,Samsung,Desktop Computer,5,16.29
2023-03-01,WI708553,Toys,Bandai,WiFi Router,17,22.09
2023-02-10,XO752107,Home Appliances,Whirlpool,Xbox Console,2,10.99
2023-02-13,XW916421,Toys,Hasbro,Xylophone,20,15.87
2023-02-26,SP7875,Sports,Yonex,Laptop,18,10.45
2023-01-09,FD960897,Home Appliances,Bosch,Food Processor,8,10.02
2023-01-24,RV7673,Sports,Yonex,Ravioli Maker,1,14.69
2023-02-28,WDG123,Electronics,Samsung,Digital Camera,5,13.33
2023-02-26,TS64666,Home Appliances,Whirlpool,Gaming Console,8,18.51
2023-02-03,AD70613,Electronics,Samsung,Air Purifier,9,12.51
2023-01-12,UG38188,Toys,Lego,USB Hub,14,13.53
2023-03-01,UK742516,Toys,Bandai,Umbrella,11,18.02
2023-01-01,XM293697,Sports,Yonex,X-Ray Scanner,5,11.99
2023-02-13,BM87684,Clothing,Under Armour,Backpack,15,13.41
2023-01-21,TR87680,Clothing,Nike,Tablet,5,18.19
2023-02-17,HD6685,Toys,Mattel,Hard Drive,1,16.99
2023-01-02,UK742516,Sports,Reebok,Umbrella,7,10.52
2023-01-31,WDG123,Home Appliances,Frigidaire,Digital Camera,16,16.69
2023-01-08,SN6560,Sports,Spalding,Sneakers,3,21.83
2023-02-08,TR87680,Electronics,Samsung,Tablet,8,17.88
2023-01-07,WW707165,Toys,Bandai,Water Purifier,18,12.34
2023-03-01,ZL369679,Electronics,Apple,Zodiac Lamp,8,10.33
2023-02-28,TS3456,Sports,Spalding,Television,13,21.45
2023-01-14,XK802732,Home Appliances,Frigidaire,Keyboard,17,17.36
2023-01-28,FA658929,Toys,Lego,Fitness Tracker,14,17.47
2023-02-08,KF1996,Toys,Lego,Knife Set,3,16.17
2023-01-10,XW6565,Home Appliances,Whirlpool,External Storage,11,22.87
2023-01-29,BB974601,Clothing,Adidas,Baby Monitor,13,22.07
2023-02-03,XO752107,Clothing,Under Armour,Xbox Console,5,19.88
2023-02-16,YZ6468,Electronics,Sony,Yoga Mat,10,20.2
2023-01-26,RO1618,Electronics,Samsung,Router,1,10.37
2023-01-23,NO86090,Sports,Yonex,Notebook,20,15.91
2023-02-09,XM293697,Clothing,Under Armour,X-Ray Scanner,14,14.72
2023-01-29,RO1618,Clothing,Puma,Router,3,15.15
2023-02-21,BH67655,Clothing,Under Armour,Headphones,1,13.0
2023-01-15,XR23423,Electronics,LG,Bluetooth Speaker,7,11.48
2023-02-28,MI06009,Toys,Bandai,Microwave,2,17.21
2023-01-17,MI06009,Electronics,LG,Microwave,7,10.55
2023-02-16,SN6560,Sports,Yonex,Sneakers,16,17.78
2023-01-30,JC4121,Clothing,Puma,Jacket,5,20.47
2023-02-05,RV7673,Electronics,Apple,Ravioli Maker,11,11.31
2023-02-02,QK053083,Electronics,Apple,Cookware Set,6,19.1
2023-01-29,RV7673,Toys,Lego,Ravioli Maker,3,10.88
2023-01-17,UK742516,Clothing,Adidas,Umbrella,13,11.85
2023-01-29,TS64666,Home Appliances,Whirlpool,Gaming Console,9,19.67
2023-01-23,XM293697,Toys,Hasbro,X-Ray Scanner,17,12.84
2023-02-22,YE98767,Electronics,LG,Smartwatch,1,19.78
2023-02-08,HL40405,Sports,Wilson,Home Theater System,2,10.08
2023-01-16,BM87684,Clothing,Under Armour,Backpack,10,14.33
2023-01-20,XM293697,Clothing,Nike,X-Ray Scanner,19,19.46
2023-01-14,VA0753,Clothing,Nike,Vacuum Cleaner,18,10.09
2023-03-02,RV7673,Clothing,Adidas,Ravioli Maker,16,12.88
2023-01-23,VA0753,Toys,Hasbro,Vacuum Cleaner,20,12.74
2023-02-25,IG013820,Clothing,Under Armour,Instant Pot,19,17.73
2023-02-02,OG39311,Electronics,LG,Office Chair,15,20.3
2023-01-25,TR87680,Clothing,Puma,Tablet,18,10.41
2023-01-27,UK742516,Sports,Yonex,Umbrella,20,14.74
2023-02-10,HD6685,Home Appliances,Frigidaire,Hard Drive,8,13.4
2023-01-18,RV7673,Clothing,Nike,Ravioli Maker,17,11.83
2023-01-26,TS64666,Electronics,Apple,Gaming Console,1,15.51
2023-02-15,FD960897,Home Appliances,Whirlpool,Food Processor,20,10.18
2023-02-02,TS64666,Clothing,Adidas,Gaming Console,12,15.49
2023-01-29,XO752107,Home Appliances,Frigidaire,Xbox Console,15,15.99
2023-02-14,GY43781,Sports,Yonex,Gym Equipment,11,21.83
2023-02-14,TS3456,Home Appliances,Bosch,Television,4,13.26
2023-01-29,BH67655,Toys,Bandai,Headphones,12,19.97
2023-01-11,SY28897,Clothing,Adidas,Synthesizer,6,13.62
2023-01-27,BM87684,Home Appliances,Whirlpool,Backpack,8,18.97
2023-02-02,DT98104,Toys,Lego,Digital Thermometer,4,14.35
2023-02-13,SY28897,Electronics,Apple,Synthesizer,6,15.75
2023-02-04,TH231483,Home Appliances,GE,Thermostat,14,22.16
2023-01-08,WW707165,Sports,Reebok,Water Purifier,7,19.52
2023-02-08,ZL369679,Electronics,Sony,Zodiac Lamp,13,10.81
2023-01-17,HD6685,Home Appliances,Frigidaire,Hard Drive,18,20.15
2023-02-18,AM4869,Clothing,Adidas,Air Mattress,10,13.94
2023-01-15,YZ6468,Sports,Yonex,Yoga Mat,10,21.57
2023-01-26,VA0753,Sports,Spalding,Vacuum Cleaner,10,12.9
2023-01-17,DC99031,Sports,Yonex,Desktop Computer,18,14.11
2023-01-30,PW98762,Clothing,Puma,Portable Charger,18,21.43
2023-01-31,DT98104,Sports,Spalding,Digital Thermometer,11,22.08
2023-02-10,SP7875,Home Appliances,Bosch,Laptop,10,21.54
2023-02-07,IG013820,Electronics,LG,Instant Pot,7,14.58
2023-02-27,RK015340,Sports,Reebok,Refrigerator,5,10.94
2023-01-31,ZN04653,Sports,Spalding,Zinc Supplement,4,18.42
2023-02-19,RV7673,Sports,Yonex,Ravioli Maker,1,16.4
2023-01-20,WI708553,Clothing,Adidas,WiFi Router,14,11.07
2023-01-29,TR87680,Electronics,Apple,Tablet,4,11.13
2023-02-12,AM4869,Sports,Spalding,Air Mattress,8,19.13
2023-01-20,ZL369679,Home Appliances,Bosch,Zodiac Lamp,10,11.67
2023-02-27,DC99031,Toys,Bandai,Desktop Computer,19,18.81
2023-01-01,XG5008,Home Appliances,Frigidaire,Gaming Mouse,17,10.52
2023-02-06,XR23423,Electronics,Samsung,Bluetooth Speaker,20,15.14
2023-01-12,XO752107,Clothing,Adidas,Xbox Console,10,12.49
2023-01-31,UG38188,Clothing,Under Armour,USB Hub,16,17.85
2023-02-24,VA0753,Home Appliances,Whirlpool,Vacuum Cleaner,19,12.56
2023-01-10,DC99031,Home Appliances,GE,Desktop Computer,6,15.55
2023-02-10,XO752107,Toys,Mattel,Xbox Console,5,21.53
2023-01-24,JC4121,Sports,Spalding,Jacket,9,17.87
2023-02-03,ZL369679,Toys,Mattel,Zodiac Lamp,8,11.3
2023-01-19,RO1618,Clothing,Under Armour,Router,9,13.11
2023-02-16,PP61221,Toys,Mattel,Pressure Cooker,1,18.48
2023-02-28,MI06009,Sports,Spalding,Microwave,18,16.8
2023-01-31,AM4869,Sports,Wilson,Air Mattress,1,22.85
2023-02-17,UG38188,Toys,Mattel,USB Hub,10,18.54
2023-01-04,BH67655,Clothing,Under Armour,Headphones,18,20.69
2023-01-30,BB974601,Toys,Bandai,Baby Monitor,1,15.41
2023-01-08,XG5008,Clothing,Under Armour,Gaming Mouse,19,10.89
2023-01-02,PP61221,Electronics,Apple,Pressure Cooker,6,10.59
2023-01-12,WDG123,Sports,Wilson,Digital Camera,13,22.32
2023-01-04,ZN04653,Toys,Mattel,Zinc Supplement,12,19.72
2023-01-18,FA658929,Home Appliances,Bosch,Fitness Tracker,6,21.32
2023-02-20,BM87684,Clothing,Under Armour,Backpack,16,11.64
2023-01-20,GY43781,Home Appliances,Frigidaire,Gym Equipment,7,18.19
2023-01-17,XW916421,Toys,Mattel,Xylophone,16,12.52
2023-01-27,TR87680,Clothing,Nike,Tablet,14,13.33
2023-01-25,YE98767,Electronics,Sony,Smartwatch,3,10.71
2023-02-13,RO1618,Toys,Mattel,Router,19,12.17
2023-02-02,SE27056,Sports,Wilson,Sewing Machine,4,16.4
2023-01-07,IG013820,Electronics,LG,Instant Pot,5,22.67
2023-02-03,BM87684,Home Appliances,Frigidaire,Backpack,17,20.98
2023-02-28,TS64666,Toys,Mattel,Gaming Console,5,14.12
2023-01-27,DC99031,Clothing,Under Armour,Desktop Computer,20,17.08
2023-02-13,ZA030625,Electronics,Sony,Zebra Printer,10,22.95
2023-02-15,WI708553,Clothing,Under Armour,WiFi Router,1,20.42
2023-01-12,TS3456,Clothing,Nike,Television,5,21.28
2023-01-06,DT98104,Clothing,Nike,Digital Thermometer,11,19.77
2023-01-20,AS4238,Clothing,Under Armour,Air Conditioner,5,17.59
2023-01-19,XK802732,Clothing,Adidas,Keyboard,8,20.02
2023-02-17,XG5008,Clothing,Puma,Gaming Mouse,17,21.41
2023-02-03,XR23423,Toys,Hasbro,Bluetooth Speaker,2,16.21
2023-02-12,SY28897,Home Appliances,Frigidaire,Synthesizer,9,19.13
2023-02-27,XR23423,Toys,Mattel,Bluetooth Speaker,11,19.36
2023-01-21,WW707165,Home Appliances,GE,Water Purifier,16,22.73
2023-02-01,UK742516,Toys,Mattel,Umbrella,6,16.68
2023-01-05,BB974601,Home Appliances,Frigidaire,Baby Monitor,20,19.33
2023-01-06,ZA030625,Home Appliances,GE,Zebra Printer,15,18.82
2023-01-16,VA0753,Clothing,Puma,Vacuum Cleaner,20,15.27
2023-02-11,XM293697,Sports,Spalding,X-Ray Scanner,16,11.86
2023-01-26,GY43781,Sports,Yonex,Gym Equipment,20,18.58
2023-02-13,RO1618,Clothing,Adidas,Router,8,17.76
2023-02-26,NO86090,Sports,Yonex,Notebook,14,20.0
2023-02-09,BB974601,Toys,Bandai,Baby Monitor,11,16.38
2023-02-03,TK36939,Home Appliances,Frigidaire,Tool Kit,6,10.41
2023-01-03,XR23423,Home Appliances,GE,Bluetooth Speaker,18,17.29
2023-02-24,XR23423,Toys,Lego,Bluetooth Speaker,20,16.97
2023-01-22,XW916421,Sports,Wilson,Xylophone,3,20.55
2023-01-31,MC869986,Clothing,Puma,Monitor,7,12.45
2023-02-27,JC4121,Sports,Reebok,Jacket,19,19.2
2023-01-14,XO752107,Electronics,Apple,Xbox Console,16,15.31
2023-01-31,JC4121,Toys,Bandai,Jacket,15,10.56
2023-02-23,TH231483,Clothing,Under Armour,Thermostat,13,22.96
2023-02-27,SY28897,Electronics,Samsung,Synthesizer,9,14.62
2023-01-01,KF1996,Sports,Yonex,Knife Set,1,17.13
2023-01-04,XG5008,Toys,Bandai,Gaming Mouse,16,11.13
2023-02-24,XR23423,Clothing,Puma,Bluetooth Speaker,14,21.16
2023-02-09,TK36939,Sports,Wilson,Tool Kit,10,12.06
2023-02-14,OP0051,Toys,Mattel,Oven,14,21.44
2023-01-09,WW707165,Home Appliances,Whirlpool,Water Purifier,3,19.13
2023-01-05,MB1133,Clothing,Puma,Mixer Blender,14,17.92
2023-02-27,IG013820,Toys,Mattel,Instant Pot,20,11.12
2023-01-19,ZL369679,Clothing,Adidas,Zodiac Lamp,17,21.53
2023-02-27,YZ6468,Home Appliances,Frigidaire,Yoga Mat,10,11.44
2023-01-19,SE27056,Sports,Spalding,Sewing Machine,14,20.37
2023-01-10,SN6560,Sports,Spalding,Sneakers,7,11.72
2023-02-05,FA658929,Clothing,Nike,Fitness Tracker,1,11.11
2023-02-07,RO1618,Home Appliances,GE,Router,11,20.89
2023-01-15,FA658929,Home Appliances,Frigidaire,Fitness Tracker,14,10.27
2023-02-16,DC99031,Home Appliances,GE,Desktop Computer,15,22.76
2023-01-09,BB974601,Clothing,Adidas,Baby Monitor,8,13.74
2023-02-27,TS64666,Home Appliances,Bosch,Gaming Console,17,13.63
2023-02-17,TS3456,Toys,Hasbro,Television,18,14.1
2023-01-22,NO86090,Sports,Yonex,Notebook,20,11.82
2023-01-27,XM293697,Toys,Hasbro,X-Ray Scanner,15,13.28
2023-01-15,TS64666,Sports,Spalding,Gaming Console,7,14.03
2023-01-24,XM293697,Home Appliances,Whirlpool,X-Ray Scanner,5,16.54
2023-02-01,XK802732,Sports,Yonex,Keyboard,19,22.25
2023-01-08,BM87684,Clothing,Adidas,Backpack,9,16.51
2023-02-01,BB974601,Home Appliances,Whirlpool,Baby Monitor,6,14.9
2023-01-30,XM293697,Electronics,Samsung,X-Ray Scanner,9,19.16
2023-01-23,SE27056,Toys,Mattel,Sewing Machine,10,14.7
2023-01-14,JP4789,Toys,Hasbro,Juicer,3,14.98
2023-02-21,QK053083,Clothing,Adidas,Cookware Set,2,14.3
2023-02-02,FD960897,Toys,Bandai,Food Processor,4,13.76
2023-01-14,OG39311,Electronics,Apple,Office Chair,3,19.11
2023-02-01,AS4238,Toys,Bandai,Air Conditioner,12,18.3
2023-02-18,XR23423,Home Appliances,GE,Bluetooth Speaker,2,20.18
2023-01-10,XR23423,Electronics,Apple,Bluetooth Speaker,5,14.03
2023-01-05,PW98762,Home Appliances,GE,Portable Charger,4,10.73
2023-02-20,BH67655,Toys,Mattel,Headphones,10,17.8
2023-01-07,KF1996,Toys,Mattel,Knife Set,13,10.14
2023-02-20,YZ6468,Toys,Hasbro,Yoga Mat,10,19.47
2023-02-17,JP4789,Home Appliances,Bosch,Juicer,15,10.5
2023-02-03,RK015340,Electronics,LG,Refrigerator,3,21.7
2023-02-08,BB974601,Toys,Hasbro,Baby Monitor,1,15.85
2023-01-30,SP7875,Sports,Reebok,Laptop,13,15.33
2023-01-09,HL40405,Toys,Lego,Home Theater System,2,10.87
2023-01-13,KF1996,Electronics,Apple,Knife Set,7,13.56
2023-02-15,RO1618,Electronics,Sony,Router,12,10.5
2023-01-24,NO86090,Toys,Hasbro,Notebook,14,16.97
2023-02-27,RV7673,Electronics,LG,Ravioli Maker,8,18.6
2023-02-10,MK676554,Toys,Lego,Smartphone,13,18.16
2023-01-30,DC99031,Toys,Hasbro,Desktop Computer,17,16.63
2023-02-24,PP61221,Toys,Mattel,Pressure Cooker,5,17.47
2023-02-09,JP4789,Home Appliances,Whirlpool,Juicer,4,13.96
2023-01-25,AS4238,Home Appliances,Frigidaire,Air Conditioner,11,22.18
2023-01-31,CN5466,Home Appliances,Bosch,Coffee Maker,7,21.07
2023-01-20,HD15575,Electronics,LG,Hair Dryer,6,17.0
2023-01-11,SN6560,Toys,Lego,Sneakers,2,19.67
2023-02-27,TK36939,Home Appliances,GE,Tool Kit,9,16.67
2023-02-10,FA658929,Sports,Spalding,Fitness Tracker,10,21.48
2023-02-15,BH67655,Sports,Yonex,Headphones,3,21.1
2023-01-30,RK015340,Clothing,Adidas,Refrigerator,5,12.61
2023-01-17,IG013820,Toys,Lego,Instant Pot,13,18.54
2023-02-14,HL40405,Electronics,LG,Home Theater System,5,22.16
2023-02-17,WW707165,Clothing,Puma,Water Purifier,11,19.79
2023-01-31,VA0753,Sports,Wilson,Vacuum Cleaner,17,12.19
2023-02-21,OP0051,Toys,Mattel,Oven,9,14.84
2023-02-25,XK802732,Toys,Mattel,Keyboard,10,12.46
2023-01-23,HL40405,Clothing,Nike,Home Theater System,8,17.36
2023-02-13,FA658929,Toys,Hasbro,Fitness Tracker,2,19.37
2023-01-25,ZL369679,Electronics,LG,Zodiac Lamp,10,21.12
2023-01-31,AM4869,Clothing,Adidas,Air Mattress,18,12.37
2023-01-28,YE98767,Home Appliances,Bosch,Smartwatch,1,11.71
2023-01-03,XK802732,Electronics,LG,Keyboard,3,18.22
2023-03-02,XW6565,Home Appliances,GE,External Storage,6,10.54
2023-01-24,TH231483,Toys,Hasbro,Thermostat,13,16.4
2023-02-04,SE27056,Clothing,Puma,Sewing Machine,20,17.25
2023-01-11,BH67655,Home Appliances,Whirlpool,Headphones,5,22.1
2023-01-16,HL40405,Clothing,Nike,Home Theater System,11,18.64
2023-02-13,NO86090,Clothing,Under Armour,Notebook,13,21.65
2023-01-13,WDG123,Toys,Mattel,Digital Camera,9,20.06
2023-02-22,WI708553,Clothing,Puma,WiFi Router,7,18.43
2023-03-02,RK015340,Clothing,Under Armour,Refrigerator,3,17.9
2023-01-08,FD960897,Sports,Yonex,Food Processor,14,15.8
2023-01-14,SE27056,Electronics,LG,Sewing Machine,4,15.75
2023-02-20,AM4869,Clothing,Nike,Air Mattress,3,14.09
2023-01-31,YZ6468,Electronics,Sony,Yoga Mat,17,16.07
2023-01-07,WO04322,Electronics,LG,Washer,13,13.65
2023-02-28,KF1996,Toys,Bandai,Knife Set,17,14.09
2023-01-30,JP4789,Sports,Yonex,Juicer,6,14.44
2023-02-20,SY28897,Toys,Hasbro,Synthesizer,14,18.48
2023-02-12,FD960897,Toys,Lego,Food Processor,3,13.35
2023-01-25,FD960897,Toys,Lego,Food Processor,16,12.48
2023-01-05,XW6565,Sports,Spalding,External Storage,7,22.57
2023-01-09,WDG123,Home Appliances,GE,Digital Camera,17,21.49
2023-02-19,AM4869,Clothing,Nike,Air Mattress,11,18.92
2023-02-24,XR23423,Sports,Wilson,Bluetooth Speaker,10,17.48
2023-02-28,XW6565,Electronics,Samsung,External Storage,7,14.54
2023-01-19,WO04322,Clothing,Under Armour,Washer,7,14.96
2023-02-26,VA0753,Toys,Lego,Vacuum Cleaner,3,10.97
2023-02-25,WW707165,Sports,Wilson,Water Purifier,20,11.3
2023-01-02,PP61221,Electronics,Samsung,Pressure Cooker,5,13.79
2023-02-09,WT98768,Electronics,LG,Wireless Mouse,15,11.23
2023-02-01,ZL369679,Electronics,Sony,Zodiac Lamp,9,21.53
2023-01-21,FD960897,Home Appliances,GE,Food Processor,10,13.82
2023-02-04,AD70613,Home Appliances,Frigidaire,Air Purifier,6,10.19
2023-02-15,WT98768,Clothing,Puma,Wireless Mouse,7,10.33
2023-02-10,XG5008,Home Appliances,GE,Gaming Mouse,1,14.71
2023-01-27,ZL369679,Toys,Bandai,Zodiac Lamp,7,14.98
2023-02-02,SE27056,Sports,Reebok,Sewing Machine,17,13.75
2023-02-22,BB974601,Toys,Bandai,Baby Monitor,11,12.4
2023-01-03,RK015340,Electronics,LG,Refrigerator,18,19.91
2023-01-14,SP7875,Toys,Hasbro,Laptop,20,21.22
2023-02-27,JP4789,Toys,Hasbro,Juicer,5,12.25
2023-01-10,XG5008,Clothing,Nike,Gaming Mouse,10,20.55
2023-02-12,CN5466,Home Appliances,Bosch,Coffee Maker,9,15.34
2023-01-15,PW98762,Clothing,Under Armour,Portable Charger,8,18.03
2023-01-08,UK742516,Sports,Yonex,Umbrella,12,13.57
2023-01-11,FD960897,Clothing,Under Armour,Food Processor,11,19.48
2023-01-21,WO04322,Electronics,Sony,Washer,13,12.1
2023-01-07,BH67655,Home Appliances,Bosch,Headphones,1,22.94
2023-01-29,ZA030625,Toys,Mattel,Zebra Printer,10,22.87
2023-01-12,TS3456,Electronics,Apple,Television,13,10.55
2023-02-17,VA0753,Home Appliances,Bosch,Vacuum Cleaner,17,10.8
2023-01-12,TH231483,Home Appliances,GE,Thermostat,12,18.75
2023-01-28,PW98762,Home Appliances,GE,Portable Charger,16,10.99
2023-01-24,YZ6468,Electronics,Samsung,Yoga Mat,7,11.4
2023-01-03,TS64666,Sports,Reebok,Gaming Console,11,19.42
2023-01-12,SP7875,Sports,Yonex,Laptop,8,14.37
2023-02-02,YE98767,Electronics,Apple,Smartwatch,9,13.69
2023-01-10,TS64666,Electronics,Apple,Gaming Console,2,11.66
2023-02-06,HL40405,Home Appliances,Frigidaire,Home Theater System,15,11.72
2023-01-04,MK676554,Home Appliances,Bosch,Smartphone,2,20.9
2023-01-18,BM87684,Clothing,Under Armour,Backpack,9,11.08
2023-02-13,TS64666,Toys,Bandai,Gaming Console,9,17.03
2023-01-14,YZ6468,Toys,Bandai,Yoga Mat,5,12.68
2023-01-19,TH231483,Electronics,LG,Thermostat,11,18.18
2023-01-01,SY28897,Electronics,LG,Synthesizer,13,11.29
2023-02-17,JP4789,Toys,Bandai,Juicer,1,13.49
2023-02-07,RK015340,Sports,Wilson,Refrigerator,17,11.65
2023-02-26,XW6565,Toys,Bandai,External Storage,4,14.79
2023-02-02,TK36939,Clothing,Nike,Tool Kit,13,19.5
2023-01-30,QK053083,Toys,Mattel,Cookware Set,1,11.17
2023-02-06,OG39311,Sports,Yonex,Office Chair,8,18.71
2023-01-11,XW916421,Home Appliances,Bosch,Xylophone,20,18.44
2023-01-17,PP61221,Electronics,LG,Pressure Cooker,4,14.28
2023-01-18,YE98767,Toys,Bandai,Smartwatch,18,18.51
2023-01-02,ZN04653,Toys,Bandai,Zinc Supplement,10,11.25
2023-02-15,AS4238,Toys,Hasbro,Air Conditioner,1,21.92
2023-02-14,AD70613,Electronics,LG,Air Purifier,10,13.59
2023-02-05,BH67655,Home Appliances,GE,Headphones,3,18.7
2023-01-31,WI708553,Electronics,Apple,WiFi Router,2,20.96
2023-02-20,DT98104,Clothing,Under Armour,Digital Thermometer,14,13.22
2023-01-02,XO752107,Home Appliances,Bosch,Xbox Console,8,11.14
2023-02-27,JP4789,Sports,Yonex,Juicer,12,19.86
2023-01-09,YZ6468,Clothing,Puma,Yoga Mat,2,22.1
2023-02-26,OG39311,Electronics,Apple,Office Chair,9,11.76
2023-02-06,PP61221,Toys,Bandai,Pressure Cooker,5,16.55
2023-01-16,MC869986,Sports,Yonex,Monitor,18,21.99
2023-02-26,SY28897,Sports,Reebok,Synthesizer,10,21.4
2023-02-20,XG5008,Electronics,Apple,Gaming Mouse,8,13.43
2023-02-26,XO752107,Sports,Wilson,Xbox Console,13,17.59
2023-02-06,IG013820,Electronics,Samsung,Instant Pot,12,15.38
2023-02-17,FA658929,Toys,Lego,Fitness Tracker,9,16.31
2023-01-25,MC869986,Home Appliances,Bosch,Monitor,16,11.24
2023-01-18,MK676554,Electronics,LG,Smartphone,4,12.13
2023-02-17,GY43781,Electronics,Samsung,Gym Equipment,17,15.5
2023-01-07,DT98104,Home Appliances,Whirlpool,Digital Thermometer,8,14.73
2023-01-02,RV7673,Electronics,Samsung,Ravioli Maker,3,12.96
2023-02-02,MI06009,Toys,Lego,Microwave,4,15.16
2023-02-07,SY28897,Toys,Lego,Synthesizer,20,16.59
2023-01-03,XM293697,Electronics,LG,X-Ray Scanner,19,20.3
2023-01-03,AM4869,Clothing,Under Armour,Air Mattress,18,20.78
2023-01-16,GY43781,Electronics,LG,Gym Equipment,12,19.45
2023-01-26,KF1996,Toys,Lego,Knife Set,19,13.51
2023-02-11,YZ6468,Electronics,Apple,Yoga Mat,11,14.14
2023-01-06,DT98104,Electronics,Sony,Digital Thermometer,1,16.36
2023-01-27,RV7673,Home Appliances,GE,Ravioli Maker,2,11.92
2023-02-25,QK053083,Toys,Lego,Cookware Set,18,12.15
2023-02-24,MK676554,Clothing,Adidas,Smartphone,8,10.62
2023-02-07,MI06009,Home Appliances,Whirlpool,Microwave,17,18.0
2023-01-02,NO86090,Clothing,Adidas,Notebook,17,11.55
2023-01-09,WW707165,Clothing,Puma,Water Purifier,20,17.52
2023-01-14,YE98767,Toys,Mattel,Smartwatch,8,13.3
2023-02-15,TS64666,Home Appliances,Frigidaire,Gaming Console,1,15.93
2023-01-17,XW916421,Home Appliances,Frigidaire,Xylophone,9,16.54
2023-02-27,MB1133,Home Appliances,Frigidaire,Mixer Blender,9,15.67
2023-01-12,XW916421,Home Appliances,GE,Xylophone,15,20.27
2023-02-18,XW916421,Sports,Spalding,Xylophone,18,19.25
2023-01-06,TR87680,Home Appliances,Bosch,Tablet,20,16.4
2023-02-12,YE98767,Clothing,Adidas,Smartwatch,18,17.62
2023-01-17,WI708553,Sports,Spalding,WiFi Router,18,22.5
2023-01-06,XO752107,Sports,Yonex,Xbox Console,15,12.65
2023-01-25,MB1133,Electronics,LG,Mixer Blender,18,13.89
2023-01-06,TS3456,Sports,Reebok,Television,7,22.9
2023-01-25,OP0051,Home Appliances,Whirlpool,Oven,11,22.44
2023-02-14,WW707165,Clothing,Under Armour,Water Purifier,20,21.79
2023-01-06,WW707165,Toys,Hasbro,Water Purifier,20,15.86
2023-02-02,BB974601,Electronics,LG,Baby Monitor,1,11.27
2023-01-25,HD15575,Electronics,LG,Hair Dryer,6,13.37
2023-01-28,XK802732,Home Appliances,GE,Keyboard,1,21.47
2023-01-26,ZL369679,Home Appliances,GE,Zodiac Lamp,5,15.48
2023-01-23,SP7875,Clothing,Nike,Laptop,20,12.53
2023-02-13,WO04322,Home Appliances,Bosch,Washer,14,18.36
2023-01-18,AD70613,Toys,Lego,Air Purifier,15,19.88
2023-02-14,AD70613,Electronics,LG,Air Purifier,11,11.61
2023-01-09,XK802732,Clothing,Nike,Keyboard,7,21.83
2023-01-06,TR87680,Home Appliances,Frigidaire,Tablet,13,13.21
2023-02-07,HD6685,Home Appliances,GE,Hard Drive,9,18.35
2023-02-10,SY28897,Toys,Hasbro,Synthesizer,11,10.22
2023-01-05,TK36939,Home Appliances,Bosch,Tool Kit,11,16.52
2023-01-31,ZL369679,Toys,Hasbro,Zodiac Lamp,7,21.75
2023-02-06,IG013820,Toys,Bandai,Instant Pot,4,13.41
2023-01-12,FA658929,Home Appliances,Whirlpool,Fitness Tracker,9,11.65
2023-02-24,RK015340,Clothing,Puma,Refrigerator,6,13.01
2023-02-08,ZL369679,Sports,Wilson,Zodiac Lamp,7,10.06
2023-02-15,OG39311,Clothing,Puma,Office Chair,12,19.88
2023-02-22,OG39311,Clothing,Adidas,Office Chair,11,18.21
2023-01-18,HD6685,Clothing,Adidas,Hard Drive,15,19.41
2023-01-31,XK802732,Clothing,Nike,Keyboard,4,17.85
2023-01-20,XO752107,Clothing,Nike,Xbox Console,3,19.26
2023-03-01,HD6685,Clothing,Puma,Hard Drive,13,11.36
2023-01-08,NO86090,Electronics,LG,Notebook,14,13.14
2023-03-01,HD15575,Sports,Yonex,Hair Dryer,11,17.86
2023-01-16,OP0051,Clothing,Puma,Oven,2,17.95
2023-01-12,MC869986,Sports,Spalding,Monitor,2,14.05
2023-02-03,MI06009,Home Appliances,Frigidaire,Microwave,6,17.45
2023-01-28,DT98104,Home Appliances,Bosch,Digital Thermometer,2,14.96
2023-02-08,ZL369679,Toys,Mattel,Zodiac Lamp,19,14.21
2023-01-16,VA0753,Toys,Hasbro,Vacuum Cleaner,19,16.94
2023-01-13,ZL369679,Electronics,LG,Zodiac Lamp,16,11.89
2023-02-13,YZ6468,Sports,Wilson,Yoga Mat,1,18.77
2023-01-22,AS4238,Sports,Wilson,Air Conditioner,16,12.97
2023-01-25,JC4121,Home Appliances,GE,Jacket,14,19.25
2023-02-11,NO86090,Home Appliances,GE,Notebook,6,15.57
2023-01-19,BM87684,Home Appliances,GE,Backpack,9,10.66
2023-02-28,AS4238,Home Appliances,Whirlpool,Air Conditioner,8,17.98
2023-01-19,UK742516,Home Appliances,Bosch,Umbrella,8,21.38
2023-02-14,RO1618,Home Appliances,Bosch,Router,5,16.33
2023-02-09,XW6565,Sports,Reebok,External Storage,12,16.53
2023-02-24,XM293697,Electronics,Sony,X-Ray Scanner,7,21.69
2023-02-04,SE27056,Home Appliances,Bosch,Sewing Machine,2,12.12
2023-02-23,OP0051,Toys,Mattel,Oven,11,21.3
2023-01-07,UG38188,Clothing,Adidas,USB Hub,17,14.82
2023-01-22,XK802732,Home Appliances,GE,Keyboard,4,13.7
2023-01-04,XO752107,Sports,Wilson,Xbox Console,14,15.08
2023-01-01,NO86090,Clothing,Under Armour,Notebook,2,13.42
2023-02-17,XW916421,Sports,Yonex,Xylophone,7,18.7
2023-01-27,TS64666,Home Appliances,Frigidaire,Gaming Console,19,14.5
2023-01-21,SE27056,Electronics,Sony,Sewing Machine,2,10.45
2023-02-07,PW98762,Electronics,LG,Portable Charger,11,20.22
2023-02-05,ZN04653,Electronics,Apple,Zinc Supplement,3,17.25
2023-01-07,WT98768,Home Appliances,GE,Wireless Mouse,12,10.07
2023-02-03,YE98767,Home Appliances,Whirlpool,Smartwatch,2,11.17
2023-01-12,AS4238,Home Appliances,Frigidaire,Air Conditioner,4,20.94
2023-02-11,ZA030625,Clothing,Under Armour,Zebra Printer,19,16.23
2023-01-26,MK676554,Clothing,Nike,Smartphone,16,20.06
2023-02-13,ZL369679,Sports,Spalding,Zodiac Lamp,16,16.45
2023-03-01,SN6560,Home Appliances,Whirlpool,Sneakers,3,22.32
2023-01-03,TH231483,Toys,Bandai,Thermostat,8,21.38
2023-02-07,CN5466,Home Appliances,GE,Coffee Maker,18,10.32
2023-01-08,SP7875,Home Appliances,Bosch,Laptop,15,20.56
2023-01-16,YZ6468,Electronics,Apple,Yoga Mat,13,12.6
2023-02-13,SN6560,Toys,Bandai,Sneakers,7,11.85
2023-02-13,AD70613,Clothing,Adidas,Air Purifier,20,11.12
2023-01-06,IG013820,Electronics,LG,Instant Pot,20,13.56
2023-02-20,RK015340,Sports,Spalding,Refrigerator,3,15.31
2023-01-06,VA0753,Electronics,Samsung,Vacuum Cleaner,19,14.91
2023-01-24,JC4121,Clothing,Puma,Jacket,17,17.85
2023-03-01,BM87684,Clothing,Under Armour,Backpack,4,20.88
2023-01-19,UG38188,Toys,Bandai,USB Hub,7,14.84
2023-01-31,TS64666,Home Appliances,Whirlpool,Gaming Console,16,21.42
2023-02-16,AS4238,Sports,Wilson,Air Conditioner,10,21.94
2023-02-08,HD6685,Sports,Wilson,Hard Drive,20,12.47
2023-01-27,XW6565,Clothing,Adidas,External Storage,4,12.8
